SCHNAME,ADDRESS1,TOWN,PCODE,TELNUM,ADMPOL_PT,GEND1618,AGERANGE,TPUP1618,TALLPPE_ALEV_1618,TB3PTSE,YEAR,YEAR_SCORES,full_address,Latitude,Longitude
St Paul's Girls' School,Brook Green,London,W6 7BS,2076032288,,GIRLS, 10-19,225.0,55.160000000000004,55.88666666666666,2023-2024,2021-2022: 57.83<br>2022-2023: 54.68<br>2023-2024: 55.15,"Brook Green, London, W6 7BS",51.49513980909,-0.218856521053
St Paul's School,Lonsdale Road,London,SW13 9JT,2087489162,,BOYS, 7-18,404.0,54.64666666666667,54.64333333333334,2023-2024,2021-2022: 56.33<br>2022-2023: 53.35<br>2023-2024: 54.25,"Lonsdale Road, London, SW13 9JT",51.488517979853,-0.238876864425
"Cardiff Sixth Form College, Cambridge",89 Regent Street,,CB1 2AW,1223903080,,MIXED, 14-19,71.0,52.04,54.58,2023-2024,2023-2024: 54.58,"89 Regent Street, nan, CB1 2AW",52.200060590263,0.126842083468
"Queen Elizabeth's School, Barnet",Queen's Road,Barnet,EN5 4DQ,2084414646,SEL,BOYS, 11-18,346.0,53.81,54.39000000000001,2023-2024,2021-2022: 55.95<br>2022-2023: 54.06<br>2023-2024: 53.16,"Queen's Road, Barnet, EN5 4DQ",51.655860916551,-0.213363776083
King's College School,Southside,London,SW19 4TT,2082555300,,MIXED, 7-19,457.0,53.52333333333333,54.35333333333333,2023-2024,2021-2022: 56.06<br>2022-2023: 53.14<br>2023-2024: 53.86,"Southside, London, SW19 4TT",51.421680097199,-0.225971164287
Guildford High School,London Road,Guildford,GU1 1SJ,1483561440,,GIRLS, 4-19,193.0,53.77333333333333,54.23666666666667,2023-2024,2021-2022: 55.56<br>2022-2023: 54.05<br>2023-2024: 53.10,"London Road, Guildford, GU1 1SJ",51.241090378022,-0.563736737393
Westminster School,Little Dean's Yard,London,SW1P 3PF,2079631000,,MIXED, 12-19,401.0,54.526666666666664,54.129999999999995,2023-2024,2021-2022: 57.16<br>2022-2023: 54.13<br>2023-2024: 51.10,"Little Dean's Yard, London, SW1P 3PF",51.498425347497,-0.127734337062
Brighton College,Eastern Road,Brighton,BN2 0AL,1273704200,,MIXED, 11-18,485.0,53.593333333333334,53.86333333333334,2023-2024,2021-2022: 55.26<br>2022-2023: 52.84<br>2023-2024: 53.49,"Eastern Road, Brighton, BN2 0AL",50.820255141793,-0.122004437284
City of London School for Girls,St Giles' Terrace,London,EC2Y 8BB,2078475500,,GIRLS, 7-18,197.0,52.656666666666666,53.19,2023-2024,2021-2022: 54.04<br>2022-2023: 52.95<br>2023-2024: 52.58,"St Giles' Terrace, London, EC2Y 8BB",51.51914340049,-0.09429238741
The Henrietta Barnett School,Central Square,London,NW11 7BN,2084588999,SEL,GIRLS, 11-18,273.0,52.06999999999999,53.123333333333335,2023-2024,2021-2022: 55.16<br>2022-2023: 50.75<br>2023-2024: 53.46,"Central Square, London, NW11 7BN",51.580864801808,-0.189684564336
King Edward VI High School for Girls,Edgbaston Park Road,Birmingham,B15 2UB,1214721834,,GIRLS, 11-19,191.0,52.843333333333334,53.10333333333333,2023-2024,2021-2022: 55.46<br>2022-2023: 51.59<br>2023-2024: 52.26,"Edgbaston Park Road, Birmingham, B15 2UB",52.450802415819,-1.925354172441
City of London School,107 Queen Victoria Street,London,EC4V 3AL,2036806300,,BOYS, 10-18,320.0,52.38,53.02666666666667,2023-2024,2021-2022: 55.74<br>2022-2023: 51.27<br>2023-2024: 52.07,"107 Queen Victoria Street, London, EC4V 3AL",51.511881963487,-0.098894189953
The Godolphin and Latymer School,Iffley Road,London,W6 0PG,2087411936,,GIRLS, 10-19,205.0,52.36000000000001,52.88666666666666,2023-2024,2021-2022: 55.37<br>2022-2023: 50.95<br>2023-2024: 52.34,"Iffley Road, London, W6 0PG",51.495325887341,-0.229956423971
Wycombe Abbey,Frances Dove Way,High Wycombe,HP11 1PE,1494520381,,GIRLS, 10-19,187.0,52.27,52.696666666666665,2023-2024,2021-2022: 55.64<br>2022-2023: 50.41<br>2023-2024: 52.04,"Frances Dove Way, High Wycombe, HP11 1PE",51.625017105427,-0.75306236779
Wilson's School,Mollison Drive,Wallington,SM6 9JW,2087732931,SEL,BOYS, 11-18,363.0,51.656666666666666,52.63333333333333,2023-2024,2021-2022: 54.41<br>2022-2023: 52.64<br>2023-2024: 50.85,"Mollison Drive, Wallington, SM6 9JW",51.35849144373,-0.12854302308
The National Mathematics and Science College,2 The Oaks,,CV4 8JB,2475092950,,MIXED, 15-20,111.0,51.029999999999994,52.60666666666666,2023-2024,2021-2022: 52.63<br>2022-2023: 50.51<br>2023-2024: 54.68,"2 The Oaks, nan, CV4 8JB",52.37241418677,-1.545956880574
Eton College,Eton,Windsor,SL4 6DW,1753370100,,BOYS, 12-19,552.0,52.02333333333333,52.54,2023-2024,2021-2022: 53.91<br>2022-2023: 52.40<br>2023-2024: 51.31,"Eton, Windsor, SL4 6DW",51.492090388896,-0.608354341522
Haberdashers' Boys' School,Butterfly Lane,,WD6 3AF,2082661850,,BOYS, 4-18,321.0,52.080000000000005,52.46666666666666,2023-2024,2021-2022: 53.50<br>2022-2023: 52.57<br>2023-2024: 51.33,"Butterfly Lane, nan, WD6 3AF",51.656895620589,-0.313376309496
The Perse School,Hills Road,,CB2 8QF,1223403800,,MIXED, 3-18,376.0,52.366666666666674,52.45000000000001,2023-2024,2021-2022: 52.42<br>2022-2023: 52.73<br>2023-2024: 52.20,"Hills Road, nan, CB2 8QF",52.181072310629,0.138939684322
North London Collegiate School,Canons,Middlesex,HA8 7RJ,2089520912,,GIRLS, 4-18,201.0,52.23333333333333,52.39333333333334,2023-2024,2021-2022: 53.15<br>2022-2023: 50.11<br>2023-2024: 53.92,"Canons, Middlesex, HA8 7RJ",51.614710214368,-0.295994505424
Highgate School,North Road,,N6 4AY,2083401524,,MIXED, 3-19,401.0,52.086666666666666,52.330000000000005,2023-2024,2021-2022: 53.09<br>2022-2023: 52.05<br>2023-2024: 51.85,"North Road, nan, N6 4AY",51.571490020292,-0.149421924795
Tonbridge School,,Tonbridge,TN9 1JP,1732365555,,BOYS, 13-18,333.0,51.76666666666667,52.24333333333333,2023-2024,2021-2022: 53.45<br>2022-2023: 52.21<br>2023-2024: 51.07,"nan, Tonbridge, TN9 1JP",51.201390815527,0.275214593986
Alleyn's School,Townley Road,London,SE22 8SU,2085571500,,MIXED, 4-18,349.0,51.839999999999996,52.04,2023-2024,2021-2022: 53.38<br>2022-2023: 51.13<br>2023-2024: 51.61,"Townley Road, London, SE22 8SU",51.4544162173,-0.082597701613
Latymer Upper School and Latymer Prep,237 King Street,London,W6 9LR,2086292024,,MIXED, 7-19,407.0,51.3,52.01,2023-2024,2023-2024: 52.01,"237 King Street, London, W6 9LR",51.492796019415,-0.237120688072
Oxford International College,1-5 London Place,,OX4 1BD,1865203988,,MIXED, 14-19,337.0,51.92666666666667,51.85333333333333,2023-2024,2021-2022: 51.23<br>2022-2023: 53.38<br>2023-2024: 50.95,"1-5 London Place, nan, OX4 1BD",51.751096884478,-1.238472422305
Brampton Manor Academy,Roman Road,London,E6 3SQ,2075400500,OTHER NON SEL,MIXED, 11-18,825.0,51.026666666666664,51.81666666666667,2023-2024,2021-2022: 54.40<br>2022-2023: 49.84<br>2023-2024: 51.21,"Roman Road, London, E6 3SQ",51.521080259434,0.046214395527
Haberdashers' Girls' School,Aldenham Road,Borehamwood,WD6 3BT,2082662300,,GIRLS, 4-18,213.0,51.73,51.800000000000004,2023-2024,2021-2022: 53.59<br>2022-2023: 50.93<br>2023-2024: 50.88,"Aldenham Road, Borehamwood, WD6 3BT",51.654100716884,-0.310357483248
Withington Girls' School,Wellington Road,Manchester,M14 6BL,1612241077,,GIRLS, 7-19,170.0,51.73,51.79333333333333,2023-2024,2021-2022: 54.44<br>2022-2023: 50.20<br>2023-2024: 50.74,"Wellington Road, Manchester, M14 6BL",53.439225973619,-2.225087545918
St Olave's and St Saviour's Grammar School,Goddington Lane,Orpington,BR6 9SH,1689820101,SEL,MIXED, 11-18,447.0,51.18,51.76666666666667,2023-2024,2021-2022: 54.06<br>2022-2023: 50.82<br>2023-2024: 50.42,"Goddington Lane, Orpington, BR6 9SH",51.367303589996,0.104247489993
Wimbledon High School GDST,Mansel Road,,SW19 4AB,2089710900,,GIRLS, 4-19,177.0,51.35333333333333,51.71,2023-2024,2021-2022: 52.56<br>2022-2023: 49.79<br>2023-2024: 52.78,"Mansel Road, nan, SW19 4AB",51.422592509269,-0.210862113261
Latymer Upper School,237 King Street,London,W6 9LR,2086292024,,MIXED, 7-19,401,51.275,51.615,2022-2023,2021-2022: 52.17<br>2022-2023: 51.06,"237 King Street, London, W6 9LR",51.492796019415,-0.237120688072
Colchester Royal Grammar School,Lexden Road,Colchester,CO3 3ND,1206509100,SEL,MIXED, 11-18,381.0,51.18000000000001,51.56333333333333,2023-2024,2021-2022: 53.60<br>2022-2023: 51.00<br>2023-2024: 50.09,"Lexden Road, Colchester, CO3 3ND",51.887611256394,0.887030368153
The Manchester Grammar School,Old Hall Lane,Manchester,M13 0XT,1612247201,,BOYS, 7-18,388.0,49.10666666666666,51.42333333333334,2023-2024,2021-2022: 52.73<br>2022-2023: 51.89<br>2023-2024: 49.65,"Old Hall Lane, Manchester, M13 0XT",53.44910221335,-2.210248607309
Royal Grammar School Guildford,High Street,,GU1 3BB,1483880600,,BOYS, 3-18,288.0,51.169999999999995,51.40333333333333,2023-2024,2021-2022: 52.21<br>2022-2023: 51.33<br>2023-2024: 50.67,"High Street, nan, GU1 3BB",51.237383420224,-0.569439260554
South Hampstead High School,3 Maresfield Gardens,London,NW3 5SS,2074352899,,GIRLS, 4-19,186.0,50.89333333333334,51.38666666666666,2023-2024,2021-2022: 52.91<br>2022-2023: 50.05<br>2023-2024: 51.20,"3 Maresfield Gardens, London, NW3 5SS",51.546191802037,-0.176627738484
James Allen's Girls' School,East Dulwich Grove,London,SE22 8TE,2086931181,,GIRLS, 4-18,214.0,51.153333333333336,51.196666666666665,2023-2024,2021-2022: 51.09<br>2022-2023: 52.60<br>2023-2024: 49.90,"East Dulwich Grove, London, SE22 8TE",51.454893150136,-0.085032882358
The Tiffin Girls' School,Richmond Road,Kingston upon Thames,KT2 5PL,2085460773,SEL,GIRLS, 11-18,339.0,51.06333333333333,51.129999999999995,2023-2024,2021-2022: 54.34<br>2022-2023: 49.05<br>2023-2024: 50.00,"Richmond Road, Kingston upon Thames, KT2 5PL",51.425571479567,-0.302934218339
King's College London Maths School,80 Kennington Road,London,SE11 6NJ,2078487346,,MIXED, 16-19,148.0,56.53333333333334,50.879999999999995,2023-2024,2021-2022: 39.24<br>2022-2023: 55.90<br>2023-2024: 57.50,"80 Kennington Road, London, SE11 6NJ",51.495843218405,-0.11158525949
Reigate Grammar School,Reigate Road,Reigate,RH2 0QS,1737222231,,MIXED, 2-18,284.0,50.70333333333334,50.873333333333335,2023-2024,2021-2022: 51.59<br>2022-2023: 49.51<br>2023-2024: 51.52,"Reigate Road, Reigate, RH2 0QS",51.237817849869,-0.196340796763
Reading School,Erleigh Road,Reading,RG1 5LW,1189015600,SEL,BOYS, 11-18,382.0,50.23,50.48666666666667,2023-2024,2021-2022: 52.09<br>2022-2023: 50.08<br>2023-2024: 49.29,"Erleigh Road, Reading, RG1 5LW",51.448379392479,-0.954411020947
Cheltenham Ladies' College,Bayshill Road,Cheltenham,GL50 3EP,1242520691,,GIRLS, 11-18,313.0,50.10333333333333,50.35666666666666,2023-2024,2021-2022: 51.71<br>2022-2023: 50.17<br>2023-2024: 49.19,"Bayshill Road, Cheltenham, GL50 3EP",51.898193534882,-2.081375253425
Winchester College,College Street,Winchester,SO23 9NA,1962621100,,MIXED, 13-19,315.0,50.20333333333334,50.343333333333334,2023-2024,2021-2022: 50.99<br>2022-2023: 51.07<br>2023-2024: 48.97,"College Street, Winchester, SO23 9NA",51.058373293401,-1.312652137742
"King Edward VI Grammar School, Chelmsford",Broomfield Road,Chelmsford,CM1 3SX,1245353510,SEL,MIXED, 11-18,383.0,49.17333333333334,50.28333333333333,2023-2024,2021-2022: 51.99<br>2022-2023: 48.71<br>2023-2024: 50.15,"Broomfield Road, Chelmsford, CM1 3SX",51.739953028513,0.466559917649
Hampton School,Hanworth Road,Hampton,TW12 3HD,2089795526,,BOYS, 2-19,408.0,50.64333333333334,50.279999999999994,2023-2024,2021-2022: 52.32<br>2022-2023: 47.66<br>2023-2024: 50.86,"Hanworth Road, Hampton, TW12 3HD",51.428646506476,-0.371238598773
Harrow School,5 High Street,Harrow-on-the-Hill,HA1 3HP,2088728000,,BOYS, 12-19,359.0,49.82333333333333,50.27666666666667,2023-2024,2021-2022: 51.31<br>2022-2023: 49.90<br>2023-2024: 49.62,"5 High Street, Harrow-on-the-Hill, HA1 3HP",51.572419489535,-0.33729901553
Bancrofts School,611-627 High Road,Woodford Green,IG8 0RF,2085054821,,MIXED, 11-18,245,50.095,50.265,2022-2023,2021-2022: 51.65<br>2022-2023: 48.88,"611-627 High Road, Woodford Green, IG8 0RF",51.619676785366,0.02665428446
Pate's Grammar School,Princess Elizabeth Way,Cheltenham,GL51 0HG,1242523169,SEL,MIXED, 11-18,498.0,50.160000000000004,50.20333333333334,2023-2024,2021-2022: 52.15<br>2022-2023: 48.82<br>2023-2024: 49.64,"Princess Elizabeth Way, Cheltenham, GL51 0HG",51.905825378101,-2.114292147244
Lady Eleanor Holles School,Hanworth Road,Hampton,TW12 3HF,2089791601,,GIRLS, 7-19,230.0,49.96333333333333,50.123333333333335,2023-2024,2021-2022: 54.31<br>2022-2023: 44.92<br>2023-2024: 51.14,"Hanworth Road, Hampton, TW12 3HF",51.427463819938,-0.367796570234
Notting Hill & Ealing High School GDST,2 Cleveland Road,,W13 8AX,2087998400,,GIRLS, 4-18,143.0,49.919999999999995,49.906666666666666,2023-2024,2021-2022: 52.69<br>2022-2023: 47.99<br>2023-2024: 49.04,"2 Cleveland Road, nan, W13 8AX",51.521735787079,-0.316722074122
St Mary's School Ascot,St Mary's Road,Ascot,SL5 9JF,1344296611,,GIRLS, 11-18,116.0,49.88666666666668,49.85999999999999,2023-2024,2021-2022: 51.32<br>2022-2023: 47.35<br>2023-2024: 50.91,"St Mary's Road, Ascot, SL5 9JF",51.393673392662,-0.670489725038
Dulwich College,Dulwich Common,London,SE21 7LD,2086933601,,BOYS, 0-19,497.0,49.45333333333334,49.82666666666666,2023-2024,2021-2022: 53.04<br>2022-2023: 47.96<br>2023-2024: 48.48,"Dulwich Common, London, SE21 7LD",51.440280294717,-0.085018314461
St Albans High School for Girls,Townsend Avenue,,AL1 3SJ,1727853800,,GIRLS, 4-18,172.0,49.43,49.78,2023-2024,2021-2022: 51.22<br>2022-2023: 49.18<br>2023-2024: 48.94,"Townsend Avenue, nan, AL1 3SJ",51.75708149176,-0.332669606587
Abingdon School,Park Road,Abingdon,OX14 1DE,1235521563,,BOYS, 4-19,362.0,49.49666666666667,49.73333333333334,2023-2024,2021-2022: 51.10<br>2022-2023: 49.33<br>2023-2024: 48.77,"Park Road, Abingdon, OX14 1DE",51.671822324555,-1.287879454366
University College School,Frognal,London,NW3 6XH,2074352215,,MIXED, 4-18,362.0,49.25333333333333,49.73333333333333,2023-2024,2021-2022: 52.93<br>2022-2023: 47.72<br>2023-2024: 48.55,"Frognal, London, NW3 6XH",51.553506018386,-0.181107278998
Bancroft's School,611-627 High Road,Woodford Green,IG8 0RF,2085054821,,MIXED, 11-18,233.0,49.7,49.71,2023-2024,2023-2024: 49.71,"611-627 High Road, Woodford Green, IG8 0RF",51.619676785366,0.02665428446
"Newham Collegiate Sixth Form Centre, City of London Academy",326 Barking Road,London,E6 2BB,2030114114,,MIXED, 16-19,673.0,50.11333333333334,49.68,2023-2024,2021-2022: 50.68<br>2022-2023: 49.99<br>2023-2024: 48.37,"326 Barking Road, London, E6 2BB",51.521191686169,0.020545721064
Wellington College,Duke's Ride,,RG45 7PU,1344444000,,MIXED, 12-19,493.0,49.26,49.583333333333336,2023-2024,2021-2022: 51.20<br>2022-2023: 49.11<br>2023-2024: 48.44,"Duke's Ride, nan, RG45 7PU",51.364069097379,-0.805566441643
Kingston Grammar School,London Road,Kingston upon Thames,KT2 6PY,2085465875,,MIXED, 11-19,276.0,49.73,49.57333333333333,2023-2024,2021-2022: 50.55<br>2022-2023: 48.24<br>2023-2024: 49.93,"London Road, Kingston upon Thames, KT2 6PY",51.410241697496,-0.295231922475
Nottingham High School,Waverley Mount,Nottingham,NG7 4ED,1159786056,,MIXED, 4-18,264.0,48.76,49.47333333333333,2023-2024,2021-2022: 51.56<br>2022-2023: 47.82<br>2023-2024: 49.04,"Waverley Mount, Nottingham, NG7 4ED",52.962654187792,-1.15936992744
St Helen and St Katharine,Faringdon Road,Abingdon,OX14 1BE,1235520173,,GIRLS, 9-18,190.0,49.20333333333334,49.46333333333333,2023-2024,2021-2022: 51.58<br>2022-2023: 49.51<br>2023-2024: 47.30,"Faringdon Road, Abingdon, OX14 1BE",51.676384383662,-1.296615377672
Surbiton High School,Surbiton Crescent,Kingston upon Thames,KT1 2JT,2085465245,,GIRLS, 4-18,278.0,49.25333333333333,49.43666666666667,2023-2024,2021-2022: 52.02<br>2022-2023: 48.50<br>2023-2024: 47.79,"Surbiton Crescent, Kingston upon Thames, KT1 2JT",51.399453385453,-0.30451923623
Eltham College,Grove Park Road,London,SE9 4QF,2088571455,,MIXED, 7-19,207.0,49.050000000000004,49.43333333333334,2023-2024,2021-2022: 49.56<br>2022-2023: 50.32<br>2023-2024: 48.42,"Grove Park Road, London, SE9 4QF",51.437318288492,0.040311606007
Royal Grammar School,Eskdale Terrace,Newcastle-upon-Tyne,NE2 4DX,1912815711,,MIXED, 7-19,325.0,49.02333333333333,49.403333333333336,2023-2024,2021-2022: 49.85<br>2022-2023: 49.02<br>2023-2024: 49.34,"Eskdale Terrace, Newcastle-upon-Tyne, NE2 4DX",54.982809696804,-1.607407965515
Merchant Taylors' School,Sandy Lodge,Northwood,HA6 2HT,1923820644,,BOYS, 11-18,304.0,49.45333333333334,49.30333333333334,2023-2024,2021-2022: 50.50<br>2022-2023: 47.49<br>2023-2024: 49.92,"Sandy Lodge, Northwood, HA6 2HT",51.632662197404,-0.420724684568
Putney High School,35 Putney Hill,,SW15 6BH,2087884886,,GIRLS, 4-18,191.0,48.96,49.169999999999995,2023-2024,2021-2022: 48.75<br>2022-2023: 47.94<br>2023-2024: 50.82,"35 Putney Hill, nan, SW15 6BH",51.456847210162,-0.218087565255
Radley College,Abingdon,,OX14 2HR,1235543000,,BOYS, 13-18,322.0,48.93000000000001,49.06666666666666,2023-2024,2021-2022: 51.55<br>2022-2023: 47.35<br>2023-2024: 48.30,"Abingdon, nan, OX14 2HR",51.693180083154,-1.250044182525
St Albans School,Abbey Gateway,St Albans,AL3 4HB,1727855521,,MIXED, 11-19,350.0,48.326666666666675,49.053333333333335,2023-2024,2021-2022: 51.56<br>2022-2023: 46.55<br>2023-2024: 49.05,"Abbey Gateway, St Albans, AL3 4HB",51.751003815677,-0.345453936768
Tiffin School,Queen Elizabeth Road,Kingston upon Thames,KT2 6RL,2085464638,SEL,MIXED, 11-18,526.0,48.61000000000001,49.0,2023-2024,2021-2022: 50.09<br>2022-2023: 47.18<br>2023-2024: 49.73,"Queen Elizabeth Road, Kingston upon Thames, KT2 6RL",51.411798591294,-0.296450283632
Canford School,Canford Magna,Wimborne,BH21 3AD,1202841254,,MIXED, 13-18,281.0,47.82,48.826666666666675,2023-2024,2021-2022: 50.95<br>2022-2023: 50.11<br>2023-2024: 45.42,"Canford Magna, Wimborne, BH21 3AD",50.78974959943,-1.953557432608
Oxford High School,Belbroughton Road,,OX26 1BY,1865559888,,GIRLS, 4-19,172,48.495,48.825,2022-2023,2021-2022: 51.32<br>2022-2023: 46.33,"Belbroughton Road, nan, OX26 1BY",51.893989905666,-1.171900034497
Altrincham Grammar School for Girls,Cavendish Road,Altrincham,WA14 2NL,1619125912,SEL,GIRLS, 11-18,350.0,48.830000000000005,48.82,2023-2024,2021-2022: 51.99<br>2022-2023: 46.04<br>2023-2024: 48.43,"Cavendish Road, Altrincham, WA14 2NL",53.381572817177,-2.360496003419
Michaela Community School,North End Road,London,HA9 0UU,2087953183,OTHER NON SEL,MIXED, 11-19,119.0,48.75,48.699999999999996,2023-2024,2021-2022: 49.19<br>2022-2023: 48.06<br>2023-2024: 48.85,"North End Road, London, HA9 0UU",51.561476998758,-0.277445479425
Dr Challoner's Grammar School,Chesham Road,Amersham,HP6 5HA,1494787500,SEL,MIXED, 11-18,450.0,48.31666666666666,48.69333333333333,2023-2024,2021-2022: 51.54<br>2022-2023: 47.26<br>2023-2024: 47.28,"Chesham Road, Amersham, HP6 5HA",51.676064194961,-0.610518381284
London Academy of Excellence,Broadway House,London,E15 1AJ,2033011480,,MIXED, 16-19,476.0,48.973333333333336,48.669999999999995,2023-2024,2021-2022: 49.22<br>2022-2023: 47.34<br>2023-2024: 49.45,"Broadway House, London, E15 1AJ",51.538484516339,-0.001772185788
City of London Freemen's School,Ashtead Park,Surrey,KT21 1ET,1372822400,,MIXED, 7-18,221.0,48.71,48.63333333333333,2023-2024,2021-2022: 50.38<br>2022-2023: 46.63<br>2023-2024: 48.89,"Ashtead Park, Surrey, KT21 1ET",51.307119681177,-0.288360687107
Lancaster University School of Mathematics,67-69 London Road,Preston,PR1 4BA,1772287481,,MIXED, 16-19,89.0,47.5,48.6,2023-2024,2023-2024: 48.60,"67-69 London Road, Preston, PR1 4BA",53.757434586881,-2.683080817891
The Harrodian School,Lonsdale Road,London,SW13 9QN,2087486117,,MIXED, 4-18,188.0,48.48666666666667,48.57999999999999,2023-2024,2021-2022: 51.83<br>2022-2023: 48.15<br>2023-2024: 45.76,"Lonsdale Road, London, SW13 9QN",51.481578963233,-0.247016779433
St Swithuns,Alresford Road,,SO21 1HA,1962835700,,GIRLS, 3-18,143.0,48.45333333333334,48.54999999999999,2023-2024,2021-2022: 50.48<br>2022-2023: 46.72<br>2023-2024: 48.45,"Alresford Road, nan, SO21 1HA",51.063625896845,-1.288771089767
Francis Holland School,Clarence Gate,London,NW1 6XR,2077230176,,GIRLS, 11-18,137.0,48.13333333333333,48.43833333333334,2023-2024,2021-2022: 48.67<br>2021-2022: 51.07<br>2022-2023: 47.11<br>2022-2023: 47.81<br>2023-2024: 48.87<br>2023-2024: 47.10,"Clarence Gate, London, NW1 6XR",51.524819206225,-0.160155370906
Sheffield High School,10 Rutland Park,Sheffield,S10 2PE,1142660324,,GIRLS, 3-19,156.0,48.20333333333334,48.43666666666667,2023-2024,2021-2022: 52.14<br>2022-2023: 46.55<br>2023-2024: 46.62,"10 Rutland Park, Sheffield, S10 2PE",53.37504160282,-1.498354208422
Colfe's School,Horn Park Lane,London,SE12 8AW,2084638102,,MIXED, 3-19,227.0,47.78666666666667,48.25666666666666,2023-2024,2021-2022: 50.36<br>2022-2023: 47.11<br>2023-2024: 47.30,"Horn Park Lane, London, SE12 8AW",51.449898905796,0.021746093417
Whitgift School,Whitgift School,,CR2 6YT,2086889222,,BOYS, 10-18,412.0,47.74,48.10333333333333,2023-2024,2021-2022: 48.96<br>2022-2023: 47.30<br>2023-2024: 48.05,"Whitgift School, nan, CR2 6YT",51.359847,-0.101457
Hurstpierpoint College,College Lane,Hassocks,BN6 9JS,1273833636,,MIXED, 4-19,352.0,48.02666666666667,48.09666666666667,2023-2024,2021-2022: 50.67<br>2022-2023: 45.81<br>2023-2024: 47.81,"College Lane, Hassocks, BN6 9JS",50.941472073431,-0.164371184509
Exeter Mathematics School,Rougemont House,Exeter,EX4 3PU,1392429020,,MIXED, 16-19,127.0,47.653333333333336,48.09,2023-2024,2021-2022: 49.02<br>2022-2023: 45.99<br>2023-2024: 49.26,"Rougemont House, Exeter, EX4 3PU",50.726151783357,-3.529695115764
JFS,,Harrow,HA3 9TE,2082063100,OTHER NON SEL,MIXED, 11-18,471.0,47.14333333333334,48.053333333333335,2023-2024,2021-2022: 48.85<br>2022-2023: 47.94<br>2023-2024: 47.37,"nan, Harrow, HA3 9TE",51.581029590024,-0.281047225129
Leicester Grammar School Trust,London Road,Leicester,LE8 9FL,1162591900,,MIXED, 3-19,234.0,47.78,48.053333333333335,2023-2024,2021-2022: 49.52<br>2022-2023: 48.90<br>2023-2024: 45.74,"London Road, Leicester, LE8 9FL",52.575835888496,-1.040682545707
St Helen's School,Eastbury Road,Northwood,HA6 3AS,1923843210,,GIRLS, 3-18,189.0,47.946666666666665,48.04666666666666,2023-2024,2021-2022: 50.54<br>2022-2023: 48.31<br>2023-2024: 45.29,"Eastbury Road, Northwood, HA6 3AS",51.613587416529,-0.422542216453
Exeter School,Victoria Park Road,Exeter,EX2 4NS,1392307080,,MIXED, 6-19,218.0,46.51333333333334,48.02333333333333,2023-2024,2021-2022: 49.25<br>2022-2023: 46.94<br>2023-2024: 47.88,"Victoria Park Road, Exeter, EX2 4NS",50.71955681812,-3.511998822685
Caterham School,Harestone Valley Road,Caterham,CR3 6YA,1883343028,,MIXED, 10-19,342.0,47.98333333333333,48.0,2023-2024,2021-2022: 49.09<br>2022-2023: 45.83<br>2023-2024: 49.08,"Harestone Valley Road, Caterham, CR3 6YA",51.272571505393,-0.08771097697
Altrincham Grammar School for Boys,Marlborough Road,Altrincham,WA14 2RS,1619280858,SEL,BOYS, 11-18,386.0,48.129999999999995,47.99333333333333,2023-2024,2021-2022: 50.30<br>2022-2023: 46.80<br>2023-2024: 46.88,"Marlborough Road, Altrincham, WA14 2RS",53.376092876124,-2.351880137549
Queen Ethelburga's College,Thorpe Underwood Hall,York,YO26 9SS,1423333333,,MIXED, 0-19,232.0,49.47666666666667,47.98,2023-2024,2021-2022: 46.62<br>2022-2023: 46.61<br>2023-2024: 50.71,"Thorpe Underwood Hall, York, YO26 9SS",54.028978200643,-1.294251932434
Lycee Francais Charles de Gaulle,35 Cromwell Road,London,SW7 2DG,2075846322,,MIXED, 2-19,461.0,46.336666666666666,47.95333333333334,2023-2024,2021-2022: 50.00<br>2022-2023: 45.42<br>2023-2024: 48.44,"35 Cromwell Road, London, SW7 2DG",51.495403067241,-0.17713246426
Emanuel School,Battersea Rise,London,SW11 1HS,2088704171,,MIXED, 10-19,291.0,47.673333333333325,47.93666666666667,2023-2024,2021-2022: 49.77<br>2022-2023: 45.77<br>2023-2024: 48.27,"Battersea Rise, London, SW11 1HS",51.459252250595,-0.172948208718
Channing School,The Bank,Highgate,N6 5HF,2083402328,,GIRLS, 4-18,141.0,47.38666666666666,47.906666666666666,2023-2024,2021-2022: 49.08<br>2022-2023: 45.37<br>2023-2024: 49.27,"The Bank, Highgate, N6 5HF",51.570459716753,-0.1431539376
University of Liverpool Mathematics School,Sir Alastair Pilkington Building,Liverpool,L69 7SH,1516400397,,MIXED, 16-19,95.0,47.24333333333333,47.89333333333334,2023-2024,2021-2022: 47.20<br>2022-2023: 48.02<br>2023-2024: 48.46,"Sir Alastair Pilkington Building, Liverpool, L69 7SH",53.401713908371,-2.966888539012
Norwich High School for Girls,95 Newmarket Road,,NR2 2HU,1603453265,,GIRLS, 3-19,72.0,47.19,47.873333333333335,2023-2024,2021-2022: 48.97<br>2022-2023: 47.72<br>2023-2024: 46.93,"95 Newmarket Road, nan, NR2 2HU",52.618082705044,1.278322536314
King Edward's School,Edgbaston Park Road,Birmingham,B15 2UA,1214721672,,BOYS, 11-19,241.0,47.776666666666664,47.82666666666666,2023-2024,2021-2022: 49.75<br>2022-2023: 47.61<br>2023-2024: 46.12,"Edgbaston Park Road, Birmingham, B15 2UA",52.450585408346,-1.923530018853
Colyton Grammar School,Whitwell Lane,Colyton,EX24 6HN,1297552327,SEL,MIXED, 11-18,288.0,47.73333333333333,47.73666666666667,2023-2024,2021-2022: 49.71<br>2022-2023: 47.25<br>2023-2024: 46.25,"Whitwell Lane, Colyton, EX24 6HN",50.72720737059,-3.072160676375
Downe House,Cold Ash,Thatcham,RG18 9JJ,1635200286,,GIRLS, 11-18,185.0,47.54666666666666,47.67666666666667,2023-2024,2021-2022: 50.17<br>2022-2023: 46.11<br>2023-2024: 46.75,"Cold Ash, Thatcham, RG18 9JJ",51.436721003352,-1.273959596303
The Abbey School Reading,17 Kendrick Road,Reading,RG1 5DZ,1189872256,,GIRLS, 3-19,196.0,47.586666666666666,47.60666666666666,2023-2024,2021-2022: 50.58<br>2022-2023: 46.12<br>2023-2024: 46.12,"17 Kendrick Road, Reading, RG1 5DZ",51.448352989484,-0.963279996516
Churcher's College,Ramshill,Petersfield,GU31 4AS,1730263033,,MIXED, 2-18,325.0,47.576666666666675,47.60333333333333,2023-2024,2021-2022: 50.32<br>2022-2023: 46.02<br>2023-2024: 46.47,"Ramshill, Petersfield, GU31 4AS",51.009280989417,-0.927608376801
Dame Alice Owen's School,Dugdale Hill Lane,Potters Bar,EN6 2DU,1707643441,OTHER NON SEL,MIXED, 11-18,467.0,47.78,47.56666666666667,2023-2024,2021-2022: 50.27<br>2022-2023: 45.69<br>2023-2024: 46.74,"Dugdale Hill Lane, Potters Bar, EN6 2DU",51.690845806939,-0.206858581028
King Edward VI Camp Hill School for Girls,Vicarage Road,Birmingham,B14 7QJ,1214442150,SEL,GIRLS, 11-18,359.0,47.593333333333334,47.52,2023-2024,2021-2022: 48.03<br>2022-2023: 46.29<br>2023-2024: 48.24,"Vicarage Road, Birmingham, B14 7QJ",52.431088389098,-1.902281475208
The Latymer School,Haselbury Road,London,N9 9TN,2088074037,SEL,MIXED, 11-18,421.0,47.06,47.470000000000006,2023-2024,2021-2022: 48.21<br>2022-2023: 46.09<br>2023-2024: 48.11,"Haselbury Road, London, N9 9TN",51.62602280808,-0.07414111871
Burgess Hill Girls,Keymer Road,Burgess Hill,RH15 0EG,1444241050,,GIRLS, 2-19,60.0,46.72666666666667,47.419999999999995,2023-2024,2021-2022: 46.34<br>2022-2023: 46.45<br>2023-2024: 49.47,"Keymer Road, Burgess Hill, RH15 0EG",50.950933555584,-0.12602820067
Walthamstow Hall,Holly Bush Lane,Sevenoaks,TN13 3UL,1732451334,,GIRLS, 2-19,132.0,47.31333333333333,47.366666666666674,2023-2024,2021-2022: 48.53<br>2022-2023: 45.15<br>2023-2024: 48.42,"Holly Bush Lane, Sevenoaks, TN13 3UL",51.278864819691,0.197070825828
Benenden School,Cranbrook Road,Cranbrook,TN17 4AA,1580240592,,GIRLS, 10-19,202.0,47.24666666666667,47.31333333333333,2023-2024,2021-2022: 48.24<br>2022-2023: 45.06<br>2023-2024: 48.64,"Cranbrook Road, Cranbrook, TN17 4AA",51.07522121215,0.571796084089
The Blue Coat School,Church Road,Liverpool,L15 9EE,1517331407,SEL,MIXED, 11-18,351.0,47.32666666666666,47.27,2023-2024,2021-2022: 49.14<br>2022-2023: 47.34<br>2023-2024: 45.33,"Church Road, Liverpool, L15 9EE",53.389467174226,-2.914494893149
Headington School,Headington Road,Oxford,OX3 7TD,1865759100,,GIRLS, 3-19,226,46.965,47.265,2022-2023,2021-2022: 50.04<br>2022-2023: 44.49,"Headington Road, Oxford, OX3 7TD",51.756861445846,-1.221655808027
Chelmsford County High School for Girls,Broomfield Road,Chelmsford,CM1 1RW,1245352592,SEL,GIRLS, 11-18,315.0,46.96666666666667,47.26,2023-2024,2021-2022: 49.35<br>2022-2023: 46.15<br>2023-2024: 46.28,"Broomfield Road, Chelmsford, CM1 1RW",51.742918496072,0.466806296118
St Mary's School (Snr) and St Margaret's School (Prep),63 Curzon Street,Calne,SN11 0DF,1249857200,,GIRLS, 2-18,124.0,47.45666666666667,47.25666666666667,2023-2024,2021-2022: 47.39<br>2022-2023: 48.06<br>2023-2024: 46.32,"63 Curzon Street, Calne, SN11 0DF",51.440368855063,-2.01183357902
Roedean School,Roedean Way,Brighton,BN2 5RQ,1273667500,,GIRLS, 11-18,200.0,46.71,47.25,2023-2024,2021-2022: 48.76<br>2022-2023: 46.29<br>2023-2024: 46.70,"Roedean Way, Brighton, BN2 5RQ",50.811861437891,-0.084408327344
Oxford High School GDST,Belbroughton Road,Oxford,OX2 6XA,1865559888,,MIXED, 4-19,151.0,47.33,47.25,2023-2024,2023-2024: 47.25,"Belbroughton Road, Oxford, OX2 6XA",51.773431315913,-1.259208284905
King Edward VI Camp Hill School for Boys,Vicarage Road,Birmingham,B14 7QJ,1214443188,SEL,BOYS, 11-18,328.0,47.23,47.21,2023-2024,2021-2022: 48.90<br>2022-2023: 45.59<br>2023-2024: 47.14,"Vicarage Road, Birmingham, B14 7QJ",52.431088389098,-1.902281475208
Manchester High School for Girls,Grangethorpe Road,Manchester,M14 6HS,1612240447,,GIRLS, 4-18,178.0,47.123333333333335,47.096666666666664,2023-2024,2021-2022: 50.94<br>2022-2023: 42.91<br>2023-2024: 47.44,"Grangethorpe Road, Manchester, M14 6HS",53.44748249438,-2.223744519159
Headington Rye Oxford,Headington Road,Oxford,OX3 7TD,1865759100,,GIRLS, 3-19,218.0,46.72,47.02,2023-2024,2023-2024: 47.02,"Headington Road, Oxford, OX3 7TD",51.756861445846,-1.221655808027
Marlborough College,Marlborough College,Wiltshire,SN8 1PA,1672892200,,MIXED, 13-19,455.0,46.919999999999995,46.98333333333333,2023-2024,2021-2022: 47.79<br>2022-2023: 46.76<br>2023-2024: 46.40,"Marlborough College, Wiltshire, SN8 1PA",51.417369,-1.735758
Kendrick School,London Road,Reading,RG1 5BN,1189015859,SEL,GIRLS, 11-18,294.0,47.02666666666667,46.98,2023-2024,2021-2022: 49.47<br>2022-2023: 46.55<br>2023-2024: 44.92,"London Road, Reading, RG1 5BN",51.450906735632,-0.963870587857
Ardingly College,College Road,Haywards Heath,RH17 6SQ,1444893000,,MIXED, 2-18,263.0,46.416666666666664,46.9,2023-2024,2021-2022: 49.47<br>2022-2023: 46.39<br>2023-2024: 44.84,"College Road, Haywards Heath, RH17 6SQ",51.03861694055,-0.088930973598
Sir John Deane's College,Monarch Drive,Northwich,CW9 8AF,1606810020,,MIXED, 16-19,1823,45.955,46.79,2022-2023,2021-2022: 49.47<br>2022-2023: 44.11,"Monarch Drive, Northwich, CW9 8AF",53.248220348381,-2.516561151723
Epsom College,College Road,Epsom,KT17 4JQ,1372821000,,MIXED, 11-19,372.0,46.71666666666667,46.79,2023-2024,2021-2022: 46.95<br>2022-2023: 46.52<br>2023-2024: 46.90,"College Road, Epsom, KT17 4JQ",51.326252590551,-0.245200591276
The Maynard School,Denmark Road,Exeter,EX1 1SJ,1392273417,,GIRLS, 4-19,84.0,46.660000000000004,46.74666666666667,2023-2024,2021-2022: 47.95<br>2022-2023: 44.07<br>2023-2024: 48.22,"Denmark Road, Exeter, EX1 1SJ",50.722846652252,-3.521796722674
Reeds School,Sandy Lane,Cobham,KT11 2ES,1932869044,,MIXED, 10-19,332.0,46.73333333333333,46.68666666666667,2023-2024,2021-2022: 48.07<br>2022-2023: 46.42<br>2023-2024: 45.57,"Sandy Lane, Cobham, KT11 2ES",51.337867184234,-0.375861888926
St Andrew's Catholic School,Grange Road,Leatherhead,KT22 7JP,1372277881,OTHER NON SEL,MIXED, 11-18,372.0,45.28,46.6,2023-2024,2021-2022: 49.60<br>2022-2023: 44.50<br>2023-2024: 45.70,"Grange Road, Leatherhead, KT22 7JP",51.302341849684,-0.314468052385
Royal Grammar School Worcester,Upper Tything,Worcester,WR1 1HP,1905613391,,MIXED, 2-19,258.0,45.666666666666664,46.546666666666674,2023-2024,2021-2022: 46.02<br>2022-2023: 44.84<br>2023-2024: 48.78,"Upper Tything, Worcester, WR1 1HP",52.200692711491,-2.224828341149
Hurtwood House School,Holmbury St Mary,Dorking,RH5 6NU,1483279000,,MIXED, 15-19,343.0,45.75333333333333,46.53666666666667,2023-2024,2021-2022: 50.47<br>2022-2023: 44.58<br>2023-2024: 44.56,"Holmbury St Mary, Dorking, RH5 6NU",51.174412780057,-0.42618784142
Sutton Grammar School,Manor Lane,Sutton,SM1 4AS,2086423821,SEL,MIXED, 11-18,358.0,46.25333333333333,46.52333333333333,2023-2024,2021-2022: 49.13<br>2022-2023: 44.82<br>2023-2024: 45.62,"Manor Lane, Sutton, SM1 4AS",51.365392893257,-0.189888118855
Redmaids' High School,Westbury Road,Bristol,BS9 3AW,1179622641,,GIRLS, 6-19,130.0,46.71,46.49666666666667,2023-2024,2021-2022: 46.73<br>2022-2023: 47.56<br>2023-2024: 45.20,"Westbury Road, Bristol, BS9 3AW",51.49005828029,-2.613983593236
Kingswood School,Lansdown Road,Bath,BA1 5RG,1225734200,,MIXED, 11-19,262.0,46.20333333333334,46.43333333333334,2023-2024,2021-2022: 48.48<br>2022-2023: 45.77<br>2023-2024: 45.05,"Lansdown Road, Bath, BA1 5RG",51.399671503529,-2.369452506476
St George's College Weybridge,Weybridge Road,Addlestone,KT15 2QS,1932839300,,MIXED, 11-19,277.0,46.28333333333333,46.38999999999999,2023-2024,2021-2022: 47.66<br>2022-2023: 46.36<br>2023-2024: 45.15,"Weybridge Road, Addlestone, KT15 2QS",51.374421606946,-0.478191683292
OneSchool Global UK - Biggleswade Campus,The Oaks,Biggleswade,SG18 0EP,1767602800,,MIXED, 7-18,18.0,43.83,46.36,2023-2024,2021-2022: 46.36,"The Oaks, Biggleswade, SG18 0EP",52.103265408475,-0.242504635939
Stratford Girls' Grammar School,Shottery Manor,Stratford-upon-Avon,CV37 9HA,1789293759,SEL,GIRLS, 11-18,215.0,46.276666666666664,46.29666666666666,2023-2024,2021-2022: 48.33<br>2022-2023: 43.86<br>2023-2024: 46.70,"Shottery Manor, Stratford-upon-Avon, CV37 9HA",52.190133189871,-1.72567661932
"Queen's College, London",43-49 Harley Street,London,W1G 8BT,2072917000,,GIRLS, 4-19,98.0,46.57,46.28666666666667,2023-2024,2021-2022: 45.80<br>2022-2023: 45.20<br>2023-2024: 47.86,"43-49 Harley Street, London, W1G 8BT",51.51865859121,-0.147026209229
Ibstock Place School,Clarence Lane,London,SW15 5PY,2088769991,,MIXED, 4-18,189.0,45.89333333333334,46.27333333333333,2023-2024,2021-2022: 48.42<br>2022-2023: 45.19<br>2023-2024: 45.21,"Clarence Lane, London, SW15 5PY",51.454685684971,-0.253118891387
Langley Grammar School,Reddington Drive,Langley,SL3 7QS,1753598300,SEL,MIXED, 11-18,384.0,45.79333333333333,46.156666666666666,2023-2024,2021-2022: 48.28<br>2022-2023: 43.66<br>2023-2024: 46.53,"Reddington Drive, Langley, SL3 7QS",51.499031484825,-0.552561292682
Uppingham School,Uppingham,,LE15 9QE,1572822216,,MIXED, 13-18,380.0,45.76666666666667,46.123333333333335,2023-2024,2021-2022: 48.43<br>2022-2023: 44.60<br>2023-2024: 45.34,"Uppingham, nan, LE15 9QE",52.5880471955,-0.72506890666
OneSchool Global York Campus,Bishopthorpe Road,York,YO23 2QA,1904663300,,MIXED, 7-18,11.0,42.27,46.11,2023-2024,2021-2022: 46.11,"Bishopthorpe Road, York, YO23 2QA",53.935276358544,-1.087882058619
d'Overbroeck's,333 Banbury Road,Oxford,OX2 7PL,1865688600,,MIXED, 11-18,466.0,45.803333333333335,46.07333333333333,2023-2024,2021-2022: 47.54<br>2022-2023: 45.52<br>2023-2024: 45.16,"333 Banbury Road, Oxford, OX2 7PL",51.782460092466,-1.26830441005
Dr Challoner's High School,Cokes Lane,Amersham,HP7 9QB,1494763296,SEL,GIRLS, 11-18,391.0,45.98333333333333,46.06333333333333,2023-2024,2021-2022: 48.13<br>2022-2023: 44.92<br>2023-2024: 45.14,"Cokes Lane, Amersham, HP7 9QB",51.667195969508,-0.569306185248
"City of London Academy, Highgate Hill","Holland Walk, Duncombe Road",London,N19 3EU,2072813536,OTHER NON SEL,MIXED, 11-18,54.0,46.0,46.05,2023-2024,2023-2024: 46.05,"Holland Walk, Duncombe Road, London, N19 3EU",51.567974314824,-0.129409963325
Wallington County Grammar School,Croydon Road,Wallington,SM6 7PH,2086472235,SEL,MIXED, 11-18,353.0,45.916666666666664,46.03333333333334,2023-2024,2021-2022: 47.27<br>2022-2023: 43.63<br>2023-2024: 47.20,"Croydon Road, Wallington, SM6 7PH",51.368795987856,-0.148440487752
St John's School,Epsom Road,Leatherhead,KT22 8SP,1372373000,,MIXED, 11-18,254.0,46.00666666666667,46.03333333333333,2023-2024,2021-2022: 47.94<br>2022-2023: 43.23<br>2023-2024: 46.93,"Epsom Road, Leatherhead, KT22 8SP",51.296515489286,-0.323463808672
Leicester High School for Girls,454 London Road,,LE2 2PP,1162705338,,GIRLS, 3-18,43.0,45.75,46.03,2023-2024,2021-2022: 49.17<br>2022-2023: 46.50<br>2023-2024: 42.42,"454 London Road, nan, LE2 2PP",52.608752801367,-1.097978605469
The Charter School North Dulwich,Red Post Hill,London,SE24 9JH,2073466600,OTHER NON SEL,MIXED, 11-18,361.0,45.47,46.01333333333333,2023-2024,2021-2022: 47.60<br>2022-2023: 44.82<br>2023-2024: 45.62,"Red Post Hill, London, SE24 9JH",51.456410596825,-0.089291827795
Sale Grammar School,Marsland Road,Sale,M33 3NH,1619733217,SEL,MIXED, 11-18,376.0,45.913333333333334,46.00666666666666,2023-2024,2021-2022: 48.33<br>2022-2023: 44.89<br>2023-2024: 44.80,"Marsland Road, Sale, M33 3NH",53.417605493878,-2.315941975599
Bishop Vesey's Grammar School,Lichfield Road,Sutton Coldfield,B74 2NH,1212505400,SEL,MIXED, 11-18,420.0,46.04666666666666,46.00333333333333,2023-2024,2021-2022: 47.95<br>2022-2023: 44.99<br>2023-2024: 45.07,"Lichfield Road, Sutton Coldfield, B74 2NH",52.569017593083,-1.821995080366
Bedford Modern School,Manton Lane,Bedford,MK41 7NT,1234332500,,MIXED, 7-18,291.0,45.73333333333333,45.946666666666665,2023-2024,2021-2022: 49.38<br>2022-2023: 44.03<br>2023-2024: 44.43,"Manton Lane, Bedford, MK41 7NT",52.14717584908,-0.479325290826
Abbey College Cambridge,Homerton Gardens,Cambridgeshire,CB2 8EB,1223578280,,MIXED, 12-21,351.0,45.05666666666667,45.93666666666667,2023-2024,2021-2022: 47.42<br>2022-2023: 45.88<br>2023-2024: 44.51,"Homerton Gardens, Cambridgeshire, CB2 8EB",52.18628203368,0.133633323846
Godolphin School,Milford Hill,,SP1 2RA,1722430500,,GIRLS, 3-19,87.0,45.28666666666667,45.93333333333333,2023-2024,2021-2022: 50.38<br>2022-2023: 44.19<br>2023-2024: 43.23,"Milford Hill, nan, SP1 2RA",51.06877448087,-1.785357278672
Badminton School,Westbury Road,Bristol,BS9 3BA,1179055200,,GIRLS, 3-19,126.0,45.93666666666667,45.926666666666655,2023-2024,2021-2022: 49.48<br>2022-2023: 42.50<br>2023-2024: 45.80,"Westbury Road, Bristol, BS9 3BA",51.485607405885,-2.617073917117
Chigwell School,High Road,Chigwell,IG7 6QF,2085015700,,MIXED, 4-18,178.0,45.800000000000004,45.876666666666665,2023-2024,2021-2022: 47.57<br>2022-2023: 43.92<br>2023-2024: 46.14,"High Road, Chigwell, IG7 6QF",51.62504799274,0.080986283757
St Dunstan's College,Stanstead Road,LONDON,SE6 4TY,2085167200,,MIXED, 3-18,147.0,46.693333333333335,45.723333333333336,2023-2024,2021-2022: 46.01<br>2022-2023: 44.21<br>2023-2024: 46.95,"Stanstead Road, LONDON, SE6 4TY",51.443124960518,-0.028541692828
The Judd School,Brook Street,Tonbridge,TN9 2PN,1732770880,SEL,MIXED, 11-18,545.0,45.35999999999999,45.70666666666667,2023-2024,2021-2022: 45.80<br>2022-2023: 44.99<br>2023-2024: 46.33,"Brook Street, Tonbridge, TN9 2PN",51.187714351616,0.260452824645
Notre Dame School,Burwood House,,KT11 1HA,1932869990,,GIRLS, 11-19,60.0,45.23666666666667,45.69333333333333,2023-2024,2021-2022: 49.71<br>2022-2023: 44.70<br>2023-2024: 42.67,"Burwood House, nan, KT11 1HA",51.342216386153,-0.42435262372
St Michael's Catholic Grammar School,Nether Street,London,N12 7NJ,2084462256,SEL,MIXED, 11-18,216.0,45.95333333333334,45.69333333333333,2023-2024,2021-2022: 45.51<br>2022-2023: 44.90<br>2023-2024: 46.67,"Nether Street, London, N12 7NJ",51.614315803914,-0.18075733454
"The King's School, Grantham",Brook Street,Grantham,NG31 6RP,1476563180,SEL,BOYS, 11-18,309.0,44.25333333333333,45.69,2023-2024,2021-2022: 47.30<br>2022-2023: 44.33<br>2023-2024: 45.44,"Brook Street, Grantham, NG31 6RP",52.916143740488,-0.642044311688
Ipswich School,Henley Road,Ipswich,IP1 3SG,1473408300,,MIXED, 0-18,290.0,45.129999999999995,45.68,2023-2024,2021-2022: 46.28<br>2022-2023: 44.86<br>2023-2024: 45.90,"Henley Road, Ipswich, IP1 3SG",52.064171307379,1.152035926341
Norwich School,71A The Close,Norwich,NR1 4DD,1603728430,,MIXED, 4-18,348.0,45.0,45.63666666666666,2023-2024,2021-2022: 48.93<br>2022-2023: 43.68<br>2023-2024: 44.30,"71A The Close, Norwich, NR1 4DD",52.630848005005,1.302587899156
Sutton Coldfield Grammar School for Girls,Jockey Road,Sutton Coldfield,B73 5PT,1213541479,SEL,GIRLS, 11-18,307.0,45.63,45.589999999999996,2023-2024,2021-2022: 49.08<br>2022-2023: 44.78<br>2023-2024: 42.91,"Jockey Road, Sutton Coldfield, B73 5PT",52.553517561039,-1.830276841573
Birkenhead School,58 Beresford Road,Prenton,CH43 2JD,1516524014,,MIXED, 0-19,102.0,45.60666666666666,45.586666666666666,2023-2024,2021-2022: 46.61<br>2022-2023: 43.48<br>2023-2024: 46.67,"58 Beresford Road, Prenton, CH43 2JD",53.384776889991,-3.055228517882
Collegiate School Bristol,Stapleton,,BS16 1BJ,1179655207,,MIXED, 3-18,147.0,44.5,45.49,2021-2022,2021-2022: 45.49,"Stapleton, nan, BS16 1BJ",51.48030472057,-2.555863308979
Haileybury and Imperial Service College,,Hertford,SG13 7NU,1992706200,,MIXED, 11-18,347,45.56,45.485,2022-2023,2021-2022: 47.47<br>2022-2023: 43.50,"nan, Hertford, SG13 7NU",51.779139098608,-0.03257467413
"Archbishop Holgate's School, A Church of England Academy",Hull Road,York,YO10 5ZA,1904411341,OTHER NON SEL,MIXED, 11-18,353.0,42.846666666666664,45.45333333333334,2023-2024,2021-2022: 46.67<br>2022-2023: 45.88<br>2023-2024: 43.81,"Hull Road, York, YO10 5ZA",53.952355787136,-1.041081659981
Newstead Wood School,Avebury Road,Orpington,BR6 9SA,1689853626,SEL,MIXED, 11-18,442.0,45.48666666666666,45.446666666666665,2023-2024,2021-2022: 47.50<br>2022-2023: 43.33<br>2023-2024: 45.51,"Avebury Road, Orpington, BR6 9SA",51.368247308474,0.077065564728
The Skinners' School,St John's Road,Tunbridge Wells,TN4 9PG,1892520732,SEL,BOYS, 11-18,316.0,45.416666666666664,45.43666666666667,2023-2024,2021-2022: 46.98<br>2022-2023: 43.07<br>2023-2024: 46.26,"St John's Road, Tunbridge Wells, TN4 9PG",51.142701702795,0.260081126144
Croydon High School,Old Farleigh Road,South Croydon,CR2 8YB,2082607500,,GIRLS, 3-19,86.0,45.843333333333334,45.43333333333334,2023-2024,2021-2022: 48.85<br>2022-2023: 43.80<br>2023-2024: 43.65,"Old Farleigh Road, South Croydon, CR2 8YB",51.340128495982,-0.061008101358
Bromley High School,Blackbrook Lane,Bromley,BR1 2TW,2087817000,,GIRLS, 4-18,130.0,45.449999999999996,45.42666666666667,2023-2024,2021-2022: 48.58<br>2022-2023: 43.58<br>2023-2024: 44.12,"Blackbrook Lane, Bromley, BR1 2TW",51.395533148384,0.055717150707
Berkhamsted School,Overton House,Berkhamsted,HP4 2DJ,1442358000,,MIXED, 11-19,429.0,44.95666666666667,45.416666666666664,2023-2024,2021-2022: 49.29<br>2022-2023: 41.50<br>2023-2024: 45.46,"Overton House, Berkhamsted, HP4 2DJ",51.759337019995,-0.561959585437
Nottingham Girls' High School,9 Arboretum Street,,NG1 4JB,1159417663,,GIRLS, 3-19,118.0,45.31666666666666,45.38999999999999,2023-2024,2021-2022: 47.69<br>2022-2023: 44.33<br>2023-2024: 44.15,"9 Arboretum Street, nan, NG1 4JB",52.962539984362,-1.156571377607
Oundle School,The Great Hall,Northamptonshire,PE8 4GH,1832277122,,MIXED, 10-19,416.0,47.00333333333333,45.36000000000001,2023-2024,2021-2022: 47.70<br>2022-2023: 43.25<br>2023-2024: 45.13,"The Great Hall, Northamptonshire, PE8 4GH",52.485620745,-0.476655085
The Portsmouth Grammar School,High Street,Portsmouth,PO1 2LN,2392360036,,MIXED, 3-18,275.0,45.23666666666666,45.35666666666666,2023-2024,2021-2022: 48.06<br>2022-2023: 44.48<br>2023-2024: 43.53,"High Street, Portsmouth, PO1 2LN",50.792445994817,-1.099747480405
Forest School,College Place,London,E17 3PY,2085201744,,MIXED, 4-18,257.0,45.419999999999995,45.31999999999999,2023-2024,2021-2022: 47.66<br>2022-2023: 43.98<br>2023-2024: 44.32,"College Place, London, E17 3PY",51.585501000092,0.009110039104
Bristol Grammar School,University Road,Bristol,BS8 1SR,1179736006,,MIXED, 4-18,336.0,45.44,45.223333333333336,2023-2024,2021-2022: 47.40<br>2022-2023: 44.60<br>2023-2024: 43.67,"University Road, Bristol, BS8 1SR",51.457677482721,-2.604557234843
Sir William Borlase's Grammar School,West Street,Marlow,SL7 2BR,1628816500,SEL,MIXED, 11-18,448.0,45.39333333333334,45.223333333333336,2023-2024,2021-2022: 47.29<br>2022-2023: 44.68<br>2023-2024: 43.70,"West Street, Marlow, SL7 2BR",51.570011955486,-0.782063794686
Sir William Perkins's School,Guildford Road,,KT16 9BN,1932574900,,GIRLS, 11-19,117.0,45.6,45.22,2023-2024,2021-2022: 48.04<br>2022-2023: 43.79<br>2023-2024: 43.83,"Guildford Road, nan, KT16 9BN",51.386789000308,-0.511481333762
The Leys School,Trumpington Road,Cambridge,CB2 7AD,1223508900,,MIXED, 11-19,219.0,45.173333333333325,45.196666666666665,2023-2024,2021-2022: 43.44<br>2022-2023: 44.49<br>2023-2024: 47.66,"Trumpington Road, Cambridge, CB2 7AD",52.197009996603,0.1217941661
The Grammar School At Leeds,Alwoodley Gates,Leeds,LS17 8GS,1132291552,,MIXED, 3-19,403.0,45.07666666666666,45.18333333333333,2023-2024,2021-2022: 46.65<br>2022-2023: 44.58<br>2023-2024: 44.32,"Alwoodley Gates, Leeds, LS17 8GS",53.8649425953,-1.518539507649
Wallington High School for Girls,Woodcote Road,Wallington,SM6 0PH,2086472380,SEL,GIRLS, 11-18,500.0,45.26,45.17666666666667,2023-2024,2021-2022: 47.49<br>2022-2023: 43.11<br>2023-2024: 44.93,"Woodcote Road, Wallington, SM6 0PH",51.348390497577,-0.14813806846
Prior's Field School,Priors Field Road,Godalming,GU7 2RH,1483810551,,GIRLS, 11-20,52.0,43.336666666666666,45.16,2023-2024,2021-2022: 48.89<br>2022-2023: 44.62<br>2023-2024: 41.97,"Priors Field Road, Godalming, GU7 2RH",51.20842199797,-0.641983828081
Westcliff High School for Boys Academy,Kenilworth Gardens,Westcliff-on-Sea,SS0 0BP,1702475443,SEL,MIXED, 11-18,370.0,44.74,45.14333333333334,2023-2024,2021-2022: 47.15<br>2022-2023: 41.99<br>2023-2024: 46.29,"Kenilworth Gardens, Westcliff-on-Sea, SS0 0BP",51.553560212553,0.669608741597
Tormead School,Cranley Road,Guildford,GU1 2JD,1483575101,,GIRLS, 4-18,119.0,45.41,45.13333333333333,2023-2024,2021-2022: 46.60<br>2022-2023: 45.06<br>2023-2024: 43.74,"Cranley Road, Guildford, GU1 2JD",51.242683884335,-0.555047113707
Nonsuch High School for Girls,Ewell Road,Sutton,SM3 8AB,2083943400,SEL,GIRLS, 11-18,448.0,45.080000000000005,45.11000000000001,2023-2024,2021-2022: 48.13<br>2022-2023: 44.17<br>2023-2024: 43.03,"Ewell Road, Sutton, SM3 8AB",51.355476583906,-0.222526968085
The Queen's School,City Walls Road,Chester,CH1 2NN,1244312078,,GIRLS, 5-18,70.0,45.07333333333333,45.10666666666666,2023-2024,2021-2022: 48.13<br>2022-2023: 42.46<br>2023-2024: 44.73,"City Walls Road, Chester, CH1 2NN",53.190889869906,-2.897910798387
Beaconsfield High School,Wattleton Road,Beaconsfield,HP9 1RR,1494673043,SEL,GIRLS, 11-18,350.0,45.34,45.096666666666664,2023-2024,2021-2022: 47.85<br>2022-2023: 44.50<br>2023-2024: 42.94,"Wattleton Road, Beaconsfield, HP9 1RR",51.603174745852,-0.643395809756
Royal Masonic School for Girls,Rickmansworth Park,Rickmansworth,WD3 4HF,1923773168,,GIRLS, 2-18,190.0,44.416666666666664,45.09,2023-2024,2021-2022: 44.63<br>2022-2023: 44.63<br>2023-2024: 46.01,"Rickmansworth Park, Rickmansworth, WD3 4HF",51.648000703029,-0.473628994298
Clifton College,Guthrie Road,Bristol,BS8 3EZ,1173157000,,MIXED, 2-19,341.0,43.73,45.06333333333333,2023-2024,2021-2022: 46.35<br>2022-2023: 44.96<br>2023-2024: 43.88,"Guthrie Road, Bristol, BS8 3EZ",51.463018222607,-2.619505106675
St Benedict's School,54 Eaton Rise,,W5 2ES,2088622000,,MIXED, 3-18,191.0,45.01666666666667,45.06,2023-2024,2021-2022: 47.22<br>2022-2023: 42.89<br>2023-2024: 45.07,"54 Eaton Rise, nan, W5 2ES",51.520626410619,-0.306745218256
Chesham Grammar School,White Hill,Chesham,HP5 1BA,1494782854,SEL,MIXED, 11-18,402.0,44.96666666666667,45.03666666666667,2023-2024,2021-2022: 45.63<br>2022-2023: 43.82<br>2023-2024: 45.66,"White Hill, Chesham, HP5 1BA",51.708823480508,-0.600107303169
Tunbridge Wells Girls' Grammar School,Southfield Road,Tunbridge Wells,TN4 9UJ,1892520902,SEL,GIRLS, 11-18,278.0,45.04666666666666,45.02333333333333,2023-2024,2021-2022: 48.35<br>2022-2023: 42.26<br>2023-2024: 44.46,"Southfield Road, Tunbridge Wells, TN4 9UJ",51.144790505592,0.258275102944
King Edward VI Five Ways School,Scotland Lane,Birmingham,B32 4BT,1214753535,SEL,MIXED, 11-18,401.0,45.47,45.01666666666667,2023-2024,2021-2022: 46.00<br>2022-2023: 43.37<br>2023-2024: 45.68,"Scotland Lane, Birmingham, B32 4BT",52.432099498078,-1.999308793805
Claremont Fan Court School,Claremont Drive,,KT10 9LY,1372467841,,MIXED, 2-18,162.0,44.04999999999999,45.01333333333334,2023-2024,2021-2022: 47.21<br>2022-2023: 43.66<br>2023-2024: 44.17,"Claremont Drive, nan, KT10 9LY",51.358267185911,-0.370775498622
St Peter's School 2-18,Clifton,York,YO30 6AB,1904527300,,MIXED, 2-18,271.0,45.026666666666664,44.906666666666666,2023-2024,2021-2022: 48.55<br>2022-2023: 42.55<br>2023-2024: 43.62,"Clifton, York, YO30 6AB",53.966473510473,-1.091956249947
Cranleigh School,Horseshoe Lane,Cranleigh,GU6 8QQ,1483542131,,MIXED, 7-19,343.0,44.379999999999995,44.900000000000006,2023-2024,2021-2022: 46.15<br>2022-2023: 44.81<br>2023-2024: 43.74,"Horseshoe Lane, Cranleigh, GU6 8QQ",51.150389407366,-0.49350567185
Sir Thomas Rich's School,Oakleaze,Gloucester,GL2 0LF,1452338400,SEL,MIXED, 11-18,482.0,45.029999999999994,44.873333333333335,2023-2024,2021-2022: 46.29<br>2022-2023: 44.23<br>2023-2024: 44.10,"Oakleaze, Gloucester, GL2 0LF",51.872982383647,-2.20577292247
Loreto Grammar School,Dunham Road,Altrincham,WA14 4AH,1619283703,SEL,GIRLS, 11-18,241.0,44.910000000000004,44.873333333333335,2023-2024,2021-2022: 46.00<br>2022-2023: 42.53<br>2023-2024: 46.09,"Dunham Road, Altrincham, WA14 4AH",53.387629330285,-2.356998524349
Warwick School,Myton Road,Warwick,CV34 6PP,1926776400,,BOYS, 7-19,303.0,44.626666666666665,44.830000000000005,2023-2024,2021-2022: 47.81<br>2022-2023: 42.07<br>2023-2024: 44.61,"Myton Road, Warwick, CV34 6PP",52.279045723039,-1.578119276825
Farnborough Hill,Farnborough Road,Farnborough,GU14 8AT,1252545197,,GIRLS, 11-18,75.0,45.02333333333334,44.81666666666666,2023-2024,2021-2022: 47.90<br>2022-2023: 43.22<br>2023-2024: 43.33,"Farnborough Road, Farnborough, GU14 8AT",51.30106547999,-0.752683875871
Yavneh College,Hillside Avenue,Borehamwood,WD6 1HL,2087365580,OTHER NON SEL,MIXED, 11-18,245.0,44.79,44.779999999999994,2023-2024,2021-2022: 47.32<br>2022-2023: 44.47<br>2023-2024: 42.55,"Hillside Avenue, Borehamwood, WD6 1HL",51.654232158822,-0.268553386522
"The Royal Grammar School, High Wycombe",Amersham Road,High Wycombe,HP13 6QT,1494524955,SEL,BOYS, 11-18,414.0,44.69,44.77333333333333,2023-2024,2021-2022: 47.29<br>2022-2023: 44.51<br>2023-2024: 42.52,"Amersham Road, High Wycombe, HP13 6QT",51.640588117392,-0.737558666255
Haileybury College,,Hertford,SG13 7NU,1992706200,,MIXED, 11-18,365.0,44.56,44.76,2023-2024,2023-2024: 44.76,"nan, Hertford, SG13 7NU",51.779139098608,-0.03257467413
St Paul's School for Girls,Vernon Road,Birmingham,B16 9SL,1214540895,OTHER NON SEL,GIRLS, 11-18,192.0,44.056666666666665,44.75333333333333,2023-2024,2021-2022: 46.67<br>2022-2023: 42.87<br>2023-2024: 44.72,"Vernon Road, Birmingham, B16 9SL",52.475398817321,-1.941051213975
Sir John Deane's Sixth Form College,Monarch Drive,Northwich,CW9 8AF,1606810020,,MIXED, 16-19,1854.0,44.31,44.75,2023-2024,2023-2024: 44.75,"Monarch Drive, Northwich, CW9 8AF",53.248220348381,-2.516561151723
St Francis College,Broadway,Letchworth Garden City,SG6 3PJ,1462670511,,GIRLS, 3-18,69.0,44.406666666666666,44.75,2023-2024,2021-2022: 46.31<br>2022-2023: 41.67<br>2023-2024: 46.27,"Broadway, Letchworth Garden City, SG6 3PJ",51.971019506794,-0.232792058291
Solihull School,Warwick Road,Solihull,B91 3DJ,1217050958,,MIXED, 3-18,317.0,45.01333333333333,44.73333333333334,2023-2024,2021-2022: 46.63<br>2022-2023: 43.33<br>2023-2024: 44.24,"Warwick Road, Solihull, B91 3DJ",52.414078034386,-1.771142544357
Bishop's Stortford College,School House,Bishop's Stortford,CM23 2PQ,1279952706,,MIXED, 3-18,259.0,44.49666666666667,44.73333333333333,2023-2024,2021-2022: 47.65<br>2022-2023: 43.33<br>2023-2024: 43.22,"School House, Bishop's Stortford, CM23 2PQ",51.8723463,0.1552404
Sherfield School,Reading Road,Hampshire,RG27 0HU,1256884800,,MIXED, 0-19,94.0,40.769999999999996,44.675,2023-2024,2022-2023: 48.44<br>2023-2024: 40.91,"Reading Road, Hampshire, RG27 0HU",51.309658014825,-1.023978302732
Cardinal Hume Catholic School,Old Durham Road,Gateshead,NE9 6RZ,1914877638,OTHER NON SEL,MIXED, 11-18,232.0,41.58,44.67,2021-2022,2021-2022: 44.67,"Old Durham Road, Gateshead, NE9 6RZ",54.930557247685,-1.578808702332
Durham High School for Girls,Farewell Hall,,DH1 3TB,1913843226,,GIRLS, 3-18,50.0,44.6,44.656666666666666,2023-2024,2021-2022: 47.54<br>2022-2023: 40.00<br>2023-2024: 46.43,"Farewell Hall, nan, DH1 3TB",54.754445792527,-1.588099580998
Royal Latin School,Chandos Road,Buckingham,MK18 1AX,1280813065,SEL,MIXED, 11-18,445.0,44.75333333333333,44.550000000000004,2023-2024,2021-2022: 47.10<br>2022-2023: 42.56<br>2023-2024: 43.99,"Chandos Road, Buckingham, MK18 1AX",51.993487203491,-0.986138368485
Mossbourne Community Academy,100 Downs Park Road,London,E5 8JY,2085255200,OTHER NON SEL,MIXED, 11-18,378.0,44.77,44.54333333333333,2023-2024,2021-2022: 46.33<br>2022-2023: 44.38<br>2023-2024: 42.92,"100 Downs Park Road, London, E5 8JY",51.551487698011,-0.062683392345
King's High School,Banbury Road,Warwickshire,CV34 6YE,1926494485,,GIRLS, 10-18,203.0,44.343333333333334,44.5,2023-2024,2021-2022: 47.97<br>2022-2023: 43.48<br>2023-2024: 42.05,"Banbury Road, Warwickshire, CV34 6YE",52.262064687683,-1.571087461654
Concord College,Acton Burnell Hall,Shrewsbury,SY5 7PF,1694731631,,MIXED, 12-20,342.0,50.120000000000005,44.49666666666667,2023-2024,2021-2022: 44.02<br>2022-2023: 42.99<br>2023-2024: 46.48,"Acton Burnell Hall, Shrewsbury, SY5 7PF",52.613992706227,-2.687484334543
Hasmonean High School for Girls,2 - 4 Page Street,London,NW7 2EU,2082031411,,GIRLS, 11-18,163.0,44.21333333333333,44.49333333333333,2023-2024,2021-2022: 47.25<br>2022-2023: 42.83<br>2023-2024: 43.40,"2 - 4 Page Street, London, NW7 2EU",51.608003365533,-0.233360050272
Aylesbury Grammar School,Walton Road,Aylesbury,HP21 7RP,1296484545,SEL,BOYS, 11-18,404.0,44.56,44.48333333333333,2023-2024,2021-2022: 45.88<br>2022-2023: 43.91<br>2023-2024: 43.66,"Walton Road, Aylesbury, HP21 7RP",51.813984597947,-0.801471462846
JCoSS,Castlewood Road,New Barnet,EN4 9GE,2083442220,OTHER NON SEL,MIXED, 11-19,354.0,43.77333333333333,44.47666666666667,2023-2024,2021-2022: 44.67<br>2022-2023: 43.64<br>2023-2024: 45.12,"Castlewood Road, New Barnet, EN4 9GE",51.656412194323,-0.171792302361
The King's School In Macclesfield,Alderley Road,Macclesfield,SK10 4SP,1625260000,,MIXED, 3-19,185.0,43.69333333333333,44.44333333333333,2023-2024,2021-2022: 45.46<br>2022-2023: 43.58<br>2023-2024: 44.29,"Alderley Road, Macclesfield, SK10 4SP",53.278280619196,-2.164191390464
Tauheedul Islam Girls' High School,Preston New Road,Blackburn,BB2 7AD,125454021,OTHER NON SEL,GIRLS, 11-18,235.0,43.333333333333336,44.43333333333334,2023-2024,2021-2022: 46.02<br>2022-2023: 42.73<br>2023-2024: 44.55,"Preston New Road, Blackburn, BB2 7AD",53.758140629703,-2.513153600849
Menorah High School for Girls,105 Brook Road,London,NW2 7BZ,2082080500,,GIRLS, 11-18,84.0,44.68333333333334,44.423333333333325,2023-2024,2021-2022: 46.46<br>2022-2023: 43.95<br>2023-2024: 42.86,"105 Brook Road, London, NW2 7BZ",51.562476917898,-0.238740071766
Rugby School,The Bursary,Rugby,CV21 3AW,1788556216,,MIXED, 13-18,413.0,45.48666666666666,44.38666666666666,2023-2024,2021-2022: 45.62<br>2022-2023: 43.22<br>2023-2024: 44.32,"The Bursary, Rugby, CV21 3AW",52.3709,-1.2618
Bradford Grammar School,Keighley Road,,BD9 4JP,1274542492,,MIXED, 4-19,221.0,44.43000000000001,44.383333333333326,2023-2024,2021-2022: 49.45<br>2022-2023: 43.62<br>2023-2024: 40.08,"Keighley Road, nan, BD9 4JP",53.814545815724,-1.769807590996
Blundell's School,Blundell's Road,Tiverton,EX16 4DN,1884252543,,MIXED, 11-18,201.0,43.78666666666667,44.36333333333334,2023-2024,2021-2022: 44.39<br>2022-2023: 45.81<br>2023-2024: 42.89,"Blundell's Road, Tiverton, EX16 4DN",50.906383698297,-3.467367786666
Wycombe High School,Marlow Road,High Wycombe,HP11 1TB,1494523961,SEL,GIRLS, 11-18,382.0,44.306666666666665,44.36333333333334,2023-2024,2021-2022: 47.07<br>2022-2023: 43.78<br>2023-2024: 42.24,"Marlow Road, High Wycombe, HP11 1TB",51.618299578437,-0.764648036099
Hills Road Sixth Form College,Hills Road,Cambridge,CB2 8PE,1223247251,,MIXED, 16-19,2793.0,44.61666666666667,44.36333333333334,2023-2024,2021-2022: 46.67<br>2022-2023: 43.34<br>2023-2024: 43.08,"Hills Road, Cambridge, CB2 8PE",52.188088801777,0.136643755313
Dame Allan's Senior School,Fowberry Crescent,Newcastle-upon-Tyne,NE4 9YJ,1912751500,,MIXED, 3-19,218,44.295,44.290000000000006,2022-2023,2021-2022: 45.63<br>2022-2023: 42.95,"Fowberry Crescent, Newcastle-upon-Tyne, NE4 9YJ",54.982814178795,-1.652771269316
The London Oratory School,Seagrave Road,London,SW6 1RX,2073850102,OTHER NON SEL,MIXED, 7-18,398.0,43.97666666666667,44.26333333333334,2023-2024,2021-2022: 46.79<br>2022-2023: 42.30<br>2023-2024: 43.70,"Seagrave Road, London, SW6 1RX",51.486093556972,-0.196405390691
Yarm School,The Friarage,Yarm,TS15 9EJ,1642786023,,MIXED, 11-18,221.0,44.22,44.19,2023-2024,2021-2022: 46.52<br>2022-2023: 44.48<br>2023-2024: 41.57,"The Friarage, Yarm, TS15 9EJ",54.506361197916,-1.352230813984
The Stephen Perse Foundation,Union Road,,CB2 1HF,1223454700,,MIXED, 2-21,218.0,43.98666666666667,44.166666666666664,2023-2024,2021-2022: 45.86<br>2022-2023: 43.50<br>2023-2024: 43.14,"Union Road, nan, CB2 1HF",52.196876305247,0.125226639269
Oneschool Global Dunstable,Ridgeway Avenue,Dunstable,LU5 4QL,1582665676,,MIXED, 7-18,52,40.54,44.1,2022-2023,2021-2022: 44.10,"Ridgeway Avenue, Dunstable, LU5 4QL",51.891273029031,-0.504720559721
Queen Elizabeth's Hospital,Berkeley Place,Bristol,BS8 1JX,1179303040,,MIXED, 7-18,223.0,44.06333333333333,44.09,2023-2024,2021-2022: 46.69<br>2022-2023: 41.59<br>2023-2024: 43.99,"Berkeley Place, Bristol, BS8 1JX",51.455056879779,-2.609669450348
Bishop Wordsworth's Church of England Grammar School,Exeter Street,Salisbury,SP1 2ED,1722333851,SEL,MIXED, 11-18,392.0,44.19333333333333,44.07333333333333,2023-2024,2021-2022: 46.00<br>2022-2023: 43.26<br>2023-2024: 42.96,"Exeter Street, Salisbury, SP1 2ED",51.065791110073,-1.794723468737
Loughborough High School,Burton Walks,,LE11 2DU,1509212348,,GIRLS, 11-18,144.0,44.45333333333334,44.04666666666666,2023-2024,2021-2022: 46.32<br>2022-2023: 42.69<br>2023-2024: 43.13,"Burton Walks, nan, LE11 2DU",52.765210705234,-1.203058334628
St Catherine's School,Station Road,Guildford,GU5 0DF,1483893363,,GIRLS, 3-18,182.0,45.05833333333333,44.035,2023-2024,2021-2022: 43.79<br>2021-2022: 48.53<br>2022-2023: 41.39<br>2022-2023: 42.85<br>2023-2024: 41.85<br>2023-2024: 45.80,"Station Road, Guildford, GU5 0DF",51.195261590487,-0.557793971354
Woodhouse College,Woodhouse Road,London,N12 9EY,2084451210,,MIXED, 16-19,1497.0,44.22,44.00333333333333,2023-2024,2021-2022: 46.18<br>2022-2023: 42.22<br>2023-2024: 43.61,"Woodhouse Road, London, N12 9EY",51.611277426996,-0.170283574424
The King Alfred School,149 North End Road,London,NW11 7HY,2084575200,,MIXED, 5-18,129.0,43.85,43.99333333333334,2023-2024,2021-2022: 45.59<br>2022-2023: 42.58<br>2023-2024: 43.81,"149 North End Road, London, NW11 7HY",51.569523080983,-0.185287669387
Twyford Church of England High School,Twyford Crescent,London,W3 9PP,2087520141,OTHER NON SEL,MIXED, 11-18,638.0,44.10666666666666,43.98333333333333,2023-2024,2021-2022: 45.86<br>2022-2023: 42.58<br>2023-2024: 43.51,"Twyford Crescent, London, W3 9PP",51.508955856928,-0.280809431194
Lingfield College,Racecourse Road,Lingfield,RH7 6PH,1342832407,,MIXED, 0-19,149.0,42.663333333333334,43.94,2023-2024,2021-2022: 47.30<br>2022-2023: 39.84<br>2023-2024: 44.68,"Racecourse Road, Lingfield, RH7 6PH",51.170715405815,-0.003649338289
Woldingham School,Marden Park,Caterham,CR3 7YA,1883349431,,GIRLS, 10-19,156.0,43.76,43.86666666666667,2023-2024,2021-2022: 45.84<br>2022-2023: 41.73<br>2023-2024: 44.03,"Marden Park, Caterham, CR3 7YA",51.27632289253,-0.051737967903
The King's School Canterbury,25 The Precincts,Canterbury,CT1 2ES,1227595501,,MIXED, 13-18,381.0,44.846666666666664,43.86666666666667,2023-2024,2021-2022: 44.25<br>2022-2023: 43.45<br>2023-2024: 43.90,"25 The Precincts, Canterbury, CT1 2ES",51.281160507948,1.084061209617
Cheltenham College,Bath Road,Cheltenham,GL53 7LD,1242265600,,MIXED, 2-19,317.0,42.99333333333334,43.84666666666667,2023-2024,2021-2022: 44.73<br>2022-2023: 44.42<br>2023-2024: 42.39,"Bath Road, Cheltenham, GL53 7LD",51.892488262318,-2.076516986026
Moreton Hall School,Weston Rhyn,Oswestry,SY11 3EW,1691773671,,GIRLS, 1-18,98.0,43.199999999999996,43.846666666666664,2023-2024,2021-2022: 46.24<br>2022-2023: 43.11<br>2023-2024: 42.19,"Weston Rhyn, Oswestry, SY11 3EW",52.914008010604,-3.04863740832
Queen's Gate School,133 Queen's Gate,London,SW7 5LE,2075893587,,GIRLS, 4-18,115.0,43.693333333333335,43.82,2023-2024,2021-2022: 44.91<br>2022-2023: 40.77<br>2023-2024: 45.78,"133 Queen's Gate, London, SW7 5LE",51.49487577914,-0.178545182654
The St Marylebone CofE School,64 Marylebone High Street,London,W1U 5BA,2079354704,OTHER NON SEL,MIXED, 11-18,346.0,43.81,43.803333333333335,2023-2024,2021-2022: 45.76<br>2022-2023: 43.38<br>2023-2024: 42.27,"64 Marylebone High Street, London, W1U 5BA",51.521278650119,-0.152035997321
The Camden School for Girls,Sandall Road,London,NW5 2DB,2074853414,OTHER NON SEL,MIXED, 11-18,473.0,44.65,43.800000000000004,2023-2024,2021-2022: 45.36<br>2022-2023: 43.57<br>2023-2024: 42.47,"Sandall Road, London, NW5 2DB",51.545987996061,-0.134693076897
Sandringham School,The Ridgeway,St Albans,AL4 9NX,1727799560,OTHER NON SEL,MIXED, 11-18,561.0,44.02333333333333,43.79,2023-2024,2021-2022: 45.87<br>2022-2023: 42.74<br>2023-2024: 42.76,"The Ridgeway, St Albans, AL4 9NX",51.770763020856,-0.307830590898
Gresham's School,Cromer Road,,NR25 6EA,1263714500,,MIXED, 2-18,233.0,43.42666666666667,43.78333333333333,2023-2024,2021-2022: 44.12<br>2022-2023: 42.96<br>2023-2024: 44.27,"Cromer Road, nan, NR25 6EA",52.910254217177,1.103853229947
Derby High School,Hillsway,Derby,DE23 3DT,1332514267,,MIXED, 3-18,96.0,43.87,43.72,2023-2024,2021-2022: 43.71<br>2022-2023: 44.41<br>2023-2024: 43.04,"Hillsway, Derby, DE23 3DT",52.904599793541,-1.515036426977
Ripon Grammar School,Clotherholme Road,Ripon,HG4 2DG,1765602647,SEL,MIXED, 11-18,298.0,43.86333333333334,43.64666666666667,2023-2024,2021-2022: 45.71<br>2022-2023: 44.70<br>2023-2024: 40.53,"Clotherholme Road, Ripon, HG4 2DG",54.139158317884,-1.539106602566
Bromsgrove School,Worcester Road,Bromsgrove,B61 7DU,1527579679,,MIXED, 2-18,456.0,42.596666666666664,43.63666666666666,2023-2024,2021-2022: 44.10<br>2022-2023: 41.52<br>2023-2024: 45.29,"Worcester Road, Bromsgrove, B61 7DU",52.330556303417,-2.064757711284
Sherborne School for Girls,Bradford Road,Sherborne,DT9 3QN,1935812245,,GIRLS, 11-18,190.0,44.17666666666667,43.63666666666666,2023-2024,2021-2022: 46.62<br>2022-2023: 42.04<br>2023-2024: 42.25,"Bradford Road, Sherborne, DT9 3QN",50.948580587725,-2.52688891372
Bedford School,De Parys Avenue,Bedford,MK40 2TU,1234362200,,BOYS, 7-19,279.0,43.50333333333333,43.57333333333333,2023-2024,2021-2022: 45.12<br>2022-2023: 42.10<br>2023-2024: 43.50,"De Parys Avenue, Bedford, MK40 2TU",52.141466979935,-0.46348823256
The Cardinal Vaughan Memorial RC School,89 Addison Road,London,W14 8BZ,2076038478,OTHER NON SEL,MIXED, 11-18,391.0,43.06,43.56333333333333,2023-2024,2021-2022: 46.36<br>2022-2023: 41.22<br>2023-2024: 43.11,"89 Addison Road, London, W14 8BZ",51.504683624358,-0.212186969352
Charterhouse,,Godalming,GU7 2DX,1483291500,,MIXED, 12-19,397.0,45.75333333333334,43.54,2023-2024,2021-2022: 44.32<br>2022-2023: 44.60<br>2023-2024: 41.70,"nan, Godalming, GU7 2DX",51.196679096295,-0.621537398836
New Hall School,The Avenue,Chelmsford,CM3 3HS,1245467588,,MIXED, 1-19,224.0,42.923333333333325,43.51,2023-2024,2021-2022: 45.92<br>2022-2023: 40.68<br>2023-2024: 43.93,"The Avenue, Chelmsford, CM3 3HS",51.762766087399,0.512500184364
Sherborne School,Abbey Road,Sherborne,DT9 3AP,1935812249,,BOYS, 13-18,299.0,43.843333333333334,43.50333333333333,2023-2024,2021-2022: 44.66<br>2022-2023: 42.27<br>2023-2024: 43.58,"Abbey Road, Sherborne, DT9 3AP",50.947183198737,-2.517620540465
Hill House School,SIXTH AVENUE,SOUTH YORKSHIRE,DN9 3GG,1302776300,,MIXED, 3-18,126.0,43.07333333333333,43.48666666666667,2023-2024,2021-2022: 44.19<br>2022-2023: 42.03<br>2023-2024: 44.24,"SIXTH AVENUE, SOUTH YORKSHIRE, DN9 3GG",53.486721597431,-1.01572298203
Wolgarston High School,Cannock Road,Stafford,ST19 5RX,1785788400,OTHER NON SEL,MIXED, 13-18,181.0,40.580000000000005,43.48666666666666,2023-2024,2021-2022: 44.02<br>2022-2023: 44.33<br>2023-2024: 42.11,"Cannock Road, Stafford, ST19 5RX",52.723080787213,-2.099142541224
King's Ely,Barton Road,Ely,CB7 4DB,1353660700,,MIXED, 2-19,224.0,42.56666666666667,43.46,2023-2024,2021-2022: 43.41<br>2022-2023: 43.80<br>2023-2024: 43.17,"Barton Road, Ely, CB7 4DB",52.395980389507,0.261093014973
